<?xml version="1.0" encoding="utf-8"?>
<!DOCTYPE nta PUBLIC '-//Uppaal Team//DTD Flat System 1.1//EN' 'http://www.it.uu.se/research/group/darts/uppaal/flat-1_2.dtd'>
<nta>
	<declaration>// Place global declarations here.
clock x;</declaration>
	<template>
		<name x="5" y="5">Normal</name>
		<declaration>// Place local declarations here.
clock x;</declaration>
		<location id="id0" x="25" y="-51">
			<name x="15" y="-85">S2</name>
		</location>
		<location id="id1" x="-102" y="-51">
			<name x="-112" y="-85">S1</name>
		</location>
		<location id="id2" x="-221" y="-51">
			<name x="-231" y="-85">S0</name>
		</location>
		<init ref="id2"/>
		<transition>
			<source ref="id1"/>
			<target ref="id0"/>
		</transition>
		<transition>
			<source ref="id2"/>
			<target ref="id1"/>
			<label kind="assignment" x="-178" y="-76">x:=0</label>
		</transition>
	</template>
	<template>
		<name>Urgent</name>
		<declaration>clock x;</declaration>
		<location id="id3" x="-476" y="-221">
			<name x="-486" y="-255">S2</name>
		</location>
		<location id="id4" x="-629" y="-221">
			<name x="-639" y="-255">S1</name>
			<urgent/>
		</location>
		<location id="id5" x="-799" y="-221">
			<name x="-809" y="-255">S0</name>
		</location>
		<init ref="id5"/>
		<transition>
			<source ref="id4"/>
			<target ref="id3"/>
		</transition>
		<transition>
			<source ref="id5"/>
			<target ref="id4"/>
			<label kind="assignment" x="-731" y="-246">x:=0</label>
		</transition>
	</template>
	<template>
		<name>Commited</name>
		<declaration>clock x;</declaration>
		<location id="id6" x="-1819" y="-493">
			<name x="-1829" y="-527">S2</name>
		</location>
		<location id="id7" x="-1963" y="-493">
			<name x="-1973" y="-527">S1</name>
			<committed/>
		</location>
		<location id="id8" x="-2091" y="-493">
			<name x="-2101" y="-527">S0</name>
		</location>
		<init ref="id8"/>
		<transition>
			<source ref="id7"/>
			<target ref="id6"/>
		</transition>
		<transition>
			<source ref="id8"/>
			<target ref="id7"/>
			<label kind="assignment" x="-2057" y="-518">x:=0</label>
		</transition>
	</template>
	<system>// Place template instantiations here.
P0 = Normal();
P1 = Urgent();
P2 = Commited();
// List one or more processes to be composed into a system.
system P0, P1, P2;
    </system>
	<queries>
		<query>
			<formula>A[]P1.S1 imply P1.x==0
			</formula>
			<comment>
			</comment>
		</query>
		<query>
			<formula>E&lt;&gt;P0.S1 and P0.x&gt;0
			</formula>
			<comment>
			</comment>
		</query>
	</queries>
</nta>
