<?xml version="1.0" encoding="UTF-8"?>
<feature
      id="org.eclipse.e4.rcp"
      label="%featureName"
      version="1.3.101.v20150204-1353"
      provider-name="%providerName">

   <description>
      %description
   </description>

   <copyright>
      %copyright
   </copyright>

   <license url="%licenseURL">
      %license
   </license>

   <requires>
      <import feature="org.eclipse.emf.common" version="2.7.0" match="compatible"/>
      <import feature="org.eclipse.emf.ecore" version="2.7.0" match="compatible"/>
   </requires>

   <plugin
         id="org.eclipse.e4.core.services"
         download-size="44"
         install-size="79"
         version="1.2.1.v20140808-1251"
         unpack="false"/>

   <plugin
         id="org.eclipse.e4.ui.workbench.swt"
         download-size="179"
         install-size="362"
         version="0.12.100.v20141126-1150"
         unpack="false"/>

   <plugin
         id="org.eclipse.e4.core.commands"
         download-size="24"
         install-size="45"
         version="0.10.2.v20140424-2344"
         unpack="false"/>

   <plugin
         id="org.eclipse.e4.ui.bindings"
         download-size="48"
         install-size="99"
         version="0.10.200.v20140424-2042"
         unpack="false"/>

   <plugin
         id="org.eclipse.e4.ui.model.workbench"
         download-size="366"
         install-size="1152"
         version="1.1.0.v20140512-1820"
         unpack="false"/>

   <plugin
         id="org.eclipse.e4.ui.services"
         download-size="25"
         install-size="41"
         version="1.1.0.v20140328-1925"
         unpack="false"/>

   <plugin
         id="org.eclipse.e4.ui.workbench.renderers.swt"
         download-size="348"
         install-size="759"
         version="0.12.2.v20150204-1353"
         unpack="false"/>

   <plugin
         id="org.eclipse.e4.ui.workbench"
         download-size="276"
         install-size="590"
         version="1.2.2.v20141212-1259"
         unpack="false"/>

   <plugin
         id="org.eclipse.e4.ui.css.core"
         download-size="202"
         install-size="414"
         version="0.10.100.v20140424-2042"
         unpack="false"/>

   <plugin
         id="org.eclipse.e4.ui.css.swt"
         download-size="193"
         install-size="404"
         version="0.11.101.v20140818-1343"
         unpack="false"/>

   <plugin
         id="org.apache.batik.css"
         download-size="335"
         install-size="687"
         version="1.7.0.v201011041433"
         unpack="false"/>

   <plugin
         id="org.w3c.css.sac"
         download-size="32"
         install-size="56"
         version="1.3.1.v200903091627"
         unpack="false"/>

   <plugin
         id="org.apache.batik.util"
         download-size="147"
         install-size="293"
         version="1.7.0.v201011041433"
         unpack="false"/>

   <plugin
         id="org.w3c.dom.svg"
         download-size="85"
         install-size="119"
         version="1.1.0.v201011041433"
         unpack="false"/>

   <plugin
         id="org.w3c.dom.smil"
         download-size="15"
         install-size="30"
         version="1.0.0.v200806040011"
         unpack="false"/>

   <plugin
         id="org.w3c.dom.events"
         download-size="12"
         install-size="19"
         version="3.0.0.draft20060413_v201105210656"
         unpack="false"/>

   <plugin
         id="javax.inject"
         download-size="12"
         install-size="21"
         version="1.0.0.v20091030"
         unpack="false"/>

   <plugin
         id="javax.annotation"
         download-size="27"
         install-size="58"
         version="1.2.0.v201401042248"
         unpack="false"/>

   <plugin
         id="org.eclipse.e4.core.di"
         download-size="52"
         install-size="105"
         version="1.4.0.v20140414-1837"
         unpack="false"/>

   <plugin
         id="org.eclipse.e4.core.contexts"
         download-size="47"
         install-size="94"
         version="1.3.100.v20140407-1019"
         unpack="false"/>

   <plugin
         id="org.apache.batik.util.gui"
         download-size="196"
         install-size="358"
         version="1.7.0.v200903091627"
         unpack="false"/>

   <plugin
         id="javax.xml"
         download-size="232"
         install-size="378"
         version="1.3.4.v201005080400"
         unpack="false"/>

   <plugin
         id="org.eclipse.e4.core.di.extensions"
         download-size="27"
         install-size="50"
         version="0.12.0.v20140417-2033"
         unpack="false"/>

   <plugin
         id="org.eclipse.e4.ui.css.swt.theme"
         download-size="25"
         install-size="46"
         version="0.9.300.v20141126-1957"
         unpack="false"/>

   <plugin
         id="org.eclipse.e4.ui.di"
         download-size="15"
         install-size="22"
         version="1.0.0.v20140328-2112"
         unpack="false"/>

   <plugin
         id="org.eclipse.e4.ui.widgets"
         download-size="14"
         install-size="23"
         version="1.0.0.v20140514-1823"
         unpack="false"/>

   <plugin
         id="org.eclipse.e4.ui.workbench.renderers.swt.cocoa"
         os="macosx"
         ws="cocoa"
         download-size="38"
         install-size="72"
         version="0.11.200.v20140417-0906"
         fragment="true"
         unpack="false"/>

   <plugin
         id="org.eclipse.equinox.common"
         download-size="104"
         install-size="192"
         version="3.6.200.v20130402-1505"
         unpack="false"/>

   <plugin
         id="org.eclipse.equinox.ds"
         download-size="189"
         install-size="392"
         version="1.4.200.v20131126-2331"
         unpack="false"/>

   <plugin
         id="org.eclipse.equinox.event"
         download-size="31"
         install-size="57"
         version="1.3.100.v20140115-1647"
         unpack="false"/>

   <plugin
         id="org.eclipse.core.commands"
         download-size="106"
         install-size="200"
         version="3.6.100.v20140528-1422"
         unpack="false"/>

   <plugin
         id="org.eclipse.core.contenttype"
         download-size="91"
         install-size="188"
         version="3.4.200.v20140207-1251"
         unpack="false"/>

   <plugin
         id="org.eclipse.core.databinding"
         download-size="197"
         install-size="417"
         version="1.4.2.v20140729-1044"
         unpack="false"/>

   <plugin
         id="org.eclipse.core.databinding.beans"
         download-size="74"
         install-size="186"
         version="1.2.200.v20140214-0004"
         unpack="false"/>

   <plugin
         id="org.eclipse.core.databinding.observable"
         download-size="290"
         install-size="614"
         version="1.4.1.v20140210-1835"
         unpack="false"/>

   <plugin
         id="org.eclipse.core.databinding.property"
         download-size="164"
         install-size="389"
         version="1.4.200.v20140214-0004"
         unpack="false"/>

   <plugin
         id="org.eclipse.core.expressions"
         download-size="86"
         install-size="169"
         version="3.4.600.v20140128-0851"
         unpack="false"/>

   <plugin
         id="org.eclipse.core.jobs"
         download-size="95"
         install-size="187"
         version="3.6.1.v20141014-1248"
         unpack="false"/>

   <plugin
         id="org.eclipse.core.runtime"
         download-size="73"
         install-size="157"
         version="3.10.0.v20140318-2214"
         unpack="false"/>

   <plugin
         id="org.eclipse.equinox.app"
         download-size="84"
         install-size="170"
         version="1.3.200.v20130910-1609"
         unpack="false"/>

   <plugin
         id="org.eclipse.equinox.launcher"
         download-size="48"
         install-size="87"
         version="1.3.0.v20140415-2008"
         unpack="false"/>

   <plugin
         id="com.ibm.icu"
         download-size="10479"
         install-size="23015"
         version="52.1.1.v201501240615"
         unpack="false"/>

   <plugin
         id="org.eclipse.equinox.preferences"
         download-size="123"
         install-size="250"
         version="3.5.200.v20140224-1527"
         unpack="false"/>

   <plugin
         id="org.eclipse.equinox.registry"
         download-size="178"
         install-size="372"
         version="3.5.400.v20140428-1507"
         unpack="false"/>

   <plugin
         id="org.eclipse.equinox.simpleconfigurator"
         download-size="42"
         install-size="79"
         version="1.1.0.v20131217-1203"
         unpack="false"/>

   <plugin
         id="org.eclipse.osgi"
         download-size="1233"
         install-size="2622"
         version="3.10.2.v20150203-1939"
         unpack="false"/>

   <plugin
         id="org.eclipse.osgi.compatibility.state"
         download-size="236"
         install-size="578"
         version="1.0.1.v20140709-1414"
         fragment="true"
         unpack="false"/>

   <plugin
         id="org.eclipse.osgi.services"
         download-size="88"
         install-size="141"
         version="3.4.0.v20140312-2051"
         unpack="false"/>

   <plugin
         id="org.eclipse.equinox.launcher.gtk.solaris.sparc"
         os="solaris"
         ws="gtk"
         arch="sparc"
         download-size="41"
         install-size="107"
         version="1.1.200.v20150204-1316"
         fragment="true"/>

   <plugin
         id="org.eclipse.equinox.launcher.gtk.solaris.x86"
         os="solaris"
         ws="gtk"
         arch="x86"
         download-size="36"
         install-size="95"
         version="1.1.200.v20150204-1316"
         fragment="true"/>

   <plugin
         id="org.eclipse.equinox.launcher.cocoa.macosx"
         os="macosx"
         ws="cocoa"
         arch="x86"
         download-size="49"
         install-size="133"
         version="1.1.200.v20150204-1316"
         fragment="true"/>

   <plugin
         id="org.eclipse.equinox.launcher.cocoa.macosx.x86_64"
         os="macosx"
         ws="cocoa"
         arch="x86_64"
         download-size="30"
         install-size="67"
         version="1.1.200.v20150204-1316"
         fragment="true"/>

   <plugin
         id="org.eclipse.equinox.launcher.gtk.linux.ppc"
         os="linux"
         ws="gtk"
         arch="ppc"
         download-size="79"
         install-size="199"
         version="1.1.200.v20150204-1316"
         fragment="true"/>

   <plugin
         id="org.eclipse.equinox.launcher.gtk.linux.ppc64"
         os="linux"
         ws="gtk"
         arch="ppc64"
         download-size="82"
         install-size="228"
         version="1.0.200.v20150204-1316"
         fragment="true"/>

   <plugin
         id="org.eclipse.equinox.launcher.gtk.linux.ppc64le"
         os="linux"
         ws="gtk"
         arch="ppc64le"
         download-size="78"
         install-size="207"
         version="1.0.200.v20140409-1208"
         fragment="true"/>

   <plugin
         id="org.eclipse.equinox.launcher.gtk.linux.x86"
         os="linux"
         ws="gtk"
         arch="x86"
         download-size="74"
         install-size="176"
         version="1.1.200.v20150204-1316"
         fragment="true"/>

   <plugin
         id="org.eclipse.equinox.launcher.gtk.linux.s390x"
         os="linux"
         ws="gtk"
         arch="s390x"
         download-size="84"
         install-size="224"
         version="1.1.200.v20150204-1316"
         fragment="true"/>

   <plugin
         id="org.eclipse.equinox.launcher.gtk.linux.s390"
         os="linux"
         ws="gtk"
         arch="s390"
         download-size="83"
         install-size="203"
         version="1.1.200.v20150204-1316"
         fragment="true"/>

   <plugin
         id="org.eclipse.equinox.launcher.gtk.linux.x86_64"
         os="linux"
         ws="gtk"
         arch="x86_64"
         download-size="78"
         install-size="197"
         version="1.1.200.v20150204-1316"
         fragment="true"/>

   <plugin
         id="org.eclipse.equinox.launcher.gtk.aix.ppc"
         os="aix"
         ws="gtk"
         arch="ppc"
         download-size="300"
         install-size="1030"
         version="1.1.100.v20150204-1316"
         fragment="true"/>

   <plugin
         id="org.eclipse.equinox.launcher.gtk.aix.ppc64"
         os="aix"
         ws="gtk"
         arch="ppc64"
         download-size="307"
         install-size="1077"
         version="1.1.100.v20150204-1316"
         fragment="true"/>

   <plugin
         id="org.eclipse.equinox.launcher.gtk.hpux.ia64"
         os="hpux"
         ws="gtk"
         arch="ia64"
         download-size="43"
         install-size="158"
         version="1.0.100.v20150204-1316"
         fragment="true"/>

   <plugin
         id="org.eclipse.equinox.launcher.win32.win32.x86"
         os="win32"
         ws="win32"
         arch="x86"
         download-size="26"
         install-size="63"
         version="1.1.200.v20150204-1316"
         fragment="true"/>

   <plugin
         id="org.eclipse.equinox.launcher.win32.win32.x86_64"
         os="win32"
         ws="win32"
         arch="x86_64"
         download-size="28"
         install-size="67"
         version="1.1.200.v20150204-1316"
         fragment="true"/>

   <plugin
         id="org.eclipse.swt"
         download-size="18"
         install-size="36"
         version="3.103.2.v20150203-1313"
         unpack="false"/>

   <plugin
         id="org.eclipse.swt.win32.win32.x86"
         os="win32"
         ws="win32"
         arch="x86"
         download-size="2633"
         install-size="5482"
         version="3.103.2.v20150203-1351"
         fragment="true"
         unpack="false"/>

   <plugin
         id="org.eclipse.swt.win32.win32.x86_64"
         os="win32"
         ws="win32"
         arch="x86_64"
         download-size="2644"
         install-size="5580"
         version="3.103.2.v20150203-1351"
         fragment="true"
         unpack="false"/>

   <plugin
         id="org.eclipse.swt.gtk.linux.x86"
         os="linux"
         ws="gtk"
         arch="x86"
         download-size="2389"
         install-size="5519"
         version="3.103.2.v20150203-1351"
         fragment="true"
         unpack="false"/>

   <plugin
         id="org.eclipse.swt.gtk.linux.s390x"
         os="linux"
         ws="gtk"
         arch="s390x"
         download-size="2421"
         install-size="5923"
         version="3.103.2.v20150203-1351"
         fragment="true"
         unpack="false"/>

   <plugin
         id="org.eclipse.swt.gtk.linux.s390"
         os="linux"
         ws="gtk"
         arch="s390"
         download-size="2385"
         install-size="5709"
         version="3.103.2.v20150203-1351"
         fragment="true"
         unpack="false"/>

   <plugin
         id="org.eclipse.swt.gtk.solaris.sparc"
         os="solaris"
         ws="gtk"
         arch="sparc"
         download-size="2303"
         install-size="5289"
         version="3.103.2.v20150203-1351"
         fragment="true"
         unpack="false"/>

   <plugin
         id="org.eclipse.swt.gtk.solaris.x86"
         os="solaris"
         ws="gtk"
         arch="x86"
         download-size="2243"
         install-size="5064"
         version="3.103.2.v20150203-1351"
         fragment="true"
         unpack="false"/>

   <plugin
         id="org.eclipse.swt.gtk.linux.ppc"
         os="linux"
         ws="gtk"
         arch="ppc"
         download-size="2358"
         install-size="5755"
         version="3.103.2.v20150203-1351"
         fragment="true"
         unpack="false"/>

   <plugin
         id="org.eclipse.swt.gtk.linux.ppc64"
         os="linux"
         ws="gtk"
         arch="ppc64"
         download-size="2432"
         install-size="6389"
         version="3.103.2.v20150203-1351"
         fragment="true"
         unpack="false"/>

   <plugin
         id="org.eclipse.swt.gtk.linux.ppc64le"
         os="linux"
         ws="gtk"
         arch="ppc64le"
         download-size="2277"
         install-size="5541"
         version="3.103.2.v20150203-1351"
         fragment="true"
         unpack="false"/>

   <plugin
         id="org.eclipse.swt.gtk.linux.x86_64"
         os="linux"
         ws="gtk"
         arch="x86_64"
         download-size="2536"
         install-size="6171"
         version="3.103.2.v20150203-1351"
         fragment="true"
         unpack="false"/>

   <plugin
         id="org.eclipse.swt.cocoa.macosx"
         os="macosx"
         ws="cocoa"
         arch="x86"
         download-size="2316"
         install-size="5682"
         version="3.103.2.v20150203-1351"
         fragment="true"
         unpack="false"/>

   <plugin
         id="org.eclipse.swt.cocoa.macosx.x86_64"
         os="macosx"
         ws="cocoa"
         arch="x86_64"
         download-size="2221"
         install-size="5106"
         version="3.103.2.v20150203-1351"
         fragment="true"
         unpack="false"/>

   <plugin
         id="org.eclipse.swt.gtk.aix.ppc"
         os="aix"
         ws="gtk"
         arch="ppc"
         download-size="2257"
         install-size="5645"
         version="3.103.2.v20150203-1351"
         fragment="true"
         unpack="false"/>

   <plugin
         id="org.eclipse.swt.gtk.aix.ppc64"
         os="aix"
         ws="gtk"
         arch="ppc64"
         download-size="2295"
         install-size="5839"
         version="3.103.2.v20150203-1351"
         fragment="true"
         unpack="false"/>

   <plugin
         id="org.eclipse.swt.gtk.hpux.ia64"
         os="hpux"
         ws="gtk"
         arch="ia64"
         download-size="2321"
         install-size="6199"
         version="3.103.2.v20150203-1351"
         fragment="true"
         unpack="false"/>

   <plugin
         id="org.eclipse.equinox.util"
         download-size="75"
         install-size="139"
         version="1.0.500.v20130404-1337"
         unpack="false"/>

   <plugin
         id="org.eclipse.jface"
         download-size="1131"
         install-size="2248"
         version="3.10.2.v20141021-1035"
         unpack="false"/>

   <plugin
         id="org.eclipse.jface.databinding"
         download-size="271"
         install-size="548"
         version="1.6.200.v20140528-1422"
         unpack="false"/>

   <plugin
         id="org.eclipse.e4.ui.workbench3"
         download-size="9"
         install-size="14"
         version="0.12.0.v20140227-2118"
         unpack="false"/>

   <plugin
         id="org.apache.felix.gogo.command"
         download-size="56"
         install-size="113"
         version="0.10.0.v201209301215"
         unpack="false"/>

   <plugin
         id="org.apache.felix.gogo.runtime"
         download-size="78"
         install-size="154"
         version="0.10.0.v201209301036"
         unpack="false"/>

   <plugin
         id="org.apache.felix.gogo.shell"
         download-size="59"
         install-size="121"
         version="0.10.0.v201212101605"
         unpack="false"/>

   <plugin
         id="org.eclipse.equinox.console"
         download-size="115"
         install-size="237"
         version="1.1.0.v20140131-1639"
         unpack="false"/>

   <plugin
         id="org.eclipse.e4.ui.workbench.addons.swt"
         download-size="140"
         install-size="293"
         version="1.1.2.v20141126-1310"
         unpack="false"/>

   <plugin
         id="org.eclipse.equinox.bidi"
         download-size="47"
         install-size="89"
         version="0.10.0.v20130327-1442"
         unpack="false"/>

</feature>
