<?xml version="1.0" encoding="utf-8"?>
<!DOCTYPE nta PUBLIC '-//Uppaal Team//DTD Flat System 1.1//EN' 'http://www.it.uu.se/research/group/darts/uppaal/flat-1_2.dtd'>
<nta>
	<declaration>// Place global declarations here.
bool x;</declaration>
	<template>
		<name x="5" y="5">Template</name>
		<declaration>// Place local declarations here.</declaration>
		<location id="id0" x="25" y="-34">
			<name x="15" y="-68">end</name>
		</location>
		<location id="id1" x="-93" y="-34">
			<name x="-103" y="-68">start</name>
		</location>
		<init ref="id1"/>
		<transition>
			<source ref="id0"/>
			<target ref="id1"/>
			<nail x="-34" y="17"/>
		</transition>
		<transition>
			<source ref="id0"/>
			<target ref="id1"/>
			<label kind="guard" x="-68" y="-59">x == true</label>
			<label kind="assignment" x="-76" y="-34">x = false</label>
			<nail x="-34" y="-93"/>
		</transition>
		<transition>
			<source ref="id1"/>
			<target ref="id0"/>
		</transition>
	</template>
	<system>// Place template instantiations here.
Process = Template();
// List one or more processes to be composed into a system.
system Process;
    </system>
	<queries>
		<query>
			<formula>E&lt;&gt;Process.end
			</formula>
			<comment>
			</comment>
		</query>
	</queries>
</nta>
