<?xml version="1.0" encoding="utf-8"?>
<!DOCTYPE nta PUBLIC '-//Uppaal Team//DTD Flat System 1.1//EN' 'http://www.it.uu.se/research/group/darts/uppaal/flat-1_2.dtd'>
<nta>
	<declaration>// Place global declarations here.
chan ch;
int n;</declaration>
	<template>
		<name x="5" y="5">a</name>
		<declaration>// Place local declarations here.
clock x;</declaration>
		<location id="id0" x="17" y="-93">
			<name x="7" y="-127">a1</name>
		</location>
		<location id="id1" x="17" y="-263">
			<name x="7" y="-297">a2</name>
		</location>
		<location id="id2" x="-178" y="-263">
			<name x="-188" y="-297">a3</name>
		</location>
		<location id="id3" x="-178" y="-93">
			<name x="-212" y="-119">a0</name>
			<label kind="invariant" x="-195" y="-76">x&lt;=6</label>
		</location>
		<init ref="id3"/>
		<transition>
			<source ref="id2"/>
			<target ref="id3"/>
		</transition>
		<transition>
			<source ref="id1"/>
			<target ref="id2"/>
		</transition>
		<transition>
			<source ref="id0"/>
			<target ref="id1"/>
		</transition>
		<transition>
			<source ref="id3"/>
			<target ref="id0"/>
			<label kind="guard" x="-110" y="-119">x&gt;=3</label>
			<label kind="synchronisation" x="-127" y="-93">ch!</label>
			<label kind="assignment" x="-102" y="-93">x:=0, n:=5</label>
		</transition>
	</template>
	<template>
		<name>b</name>
		<declaration>clock y;</declaration>
		<location id="id4" x="8" y="-263">
			<name x="-2" y="-297">b2</name>
		</location>
		<location id="id5" x="-187" y="-263">
			<name x="-197" y="-297">b3</name>
		</location>
		<location id="id6" x="8" y="-93">
			<name x="-2" y="-127">b1</name>
			<committed/>
		</location>
		<location id="id7" x="-187" y="-93">
			<name x="-221" y="-102">b0</name>
			<label kind="invariant" x="-197" y="-76">y &lt;= 4</label>
		</location>
		<init ref="id7"/>
		<transition>
			<source ref="id5"/>
			<target ref="id7"/>
		</transition>
		<transition>
			<source ref="id4"/>
			<target ref="id5"/>
		</transition>
		<transition>
			<source ref="id6"/>
			<target ref="id4"/>
			<label kind="assignment" x="8" y="-178">n:= n+1</label>
		</transition>
		<transition>
			<source ref="id7"/>
			<target ref="id6"/>
			<label kind="guard" x="-102" y="-119">y &gt;= 2</label>
			<label kind="synchronisation" x="-76" y="-93">ch?</label>
			<label kind="assignment" x="-110" y="-93">y:=0</label>
		</transition>
	</template>
	<system>// Place template instantiations here.
a0 = a();
b0 = b();
// List one or more processes to be composed into a system.
system a0, b0;
    </system>
	<queries>
	</queries>
</nta>
