<?xml version="1.0" encoding="utf-8"?>
<!DOCTYPE nta PUBLIC '-//Uppaal Team//DTD Flat System 1.1//EN' 'http://www.it.uu.se/research/group/darts/uppaal/flat-1_2.dtd'>
<nta>
	<declaration>// Place global declarations here.
clock turn;</declaration>
	<template>
		<name x="5" y="5">P0</name>
		<declaration>// Place local declarations here.</declaration>
		<location id="id0" x="-229" y="-297">
			<name x="-238" y="-280">CS</name>
		</location>
		<location id="id1" x="-229" y="-408">
			<name x="-280" y="-416">Wait</name>
		</location>
		<location id="id2" x="-229" y="-518">
			<name x="-239" y="-552">Idle</name>
		</location>
		<init ref="id2"/>
		<transition>
			<source ref="id1"/>
			<target ref="id1"/>
			<label kind="guard" x="-161" y="-425">turn == 1</label>
			<nail x="-170" y="-374"/>
			<nail x="-170" y="-433"/>
		</transition>
		<transition>
			<source ref="id0"/>
			<target ref="id2"/>
			<nail x="-348" y="-297"/>
			<nail x="-348" y="-518"/>
			<nail x="-246" y="-518"/>
		</transition>
		<transition>
			<source ref="id1"/>
			<target ref="id0"/>
			<label kind="guard" x="-221" y="-365">turn == 0</label>
		</transition>
		<transition>
			<source ref="id2"/>
			<target ref="id1"/>
			<label kind="assignment" x="-221" y="-476">turn := 1</label>
		</transition>
	</template>
	<template>
		<name>P1</name>
		<location id="id3" x="-68" y="0">
			<name x="-76" y="17">CS</name>
		</location>
		<location id="id4" x="-68" y="-127">
			<name x="-119" y="-136">Wait</name>
		</location>
		<location id="id5" x="-68" y="-255">
			<name x="-78" y="-289">Idle</name>
		</location>
		<init ref="id5"/>
		<transition>
			<source ref="id3"/>
			<target ref="id5"/>
			<nail x="-178" y="0"/>
			<nail x="-178" y="-255"/>
		</transition>
		<transition>
			<source ref="id4"/>
			<target ref="id4"/>
			<label kind="guard" x="0" y="-136">turn == 0</label>
			<nail x="-8" y="-153"/>
			<nail x="-8" y="-93"/>
		</transition>
		<transition>
			<source ref="id4"/>
			<target ref="id3"/>
			<label kind="guard" x="-59" y="-68">turn == 1</label>
		</transition>
		<transition>
			<source ref="id5"/>
			<target ref="id4"/>
			<label kind="assignment" x="-59" y="-195">turn := 0</label>
		</transition>
	</template>
	<system>// Place template instantiations here.
Process0 = P0();
Process1 = P1();
// List one or more processes to be composed into a system.
system Process0, Process1;
    </system>
	<queries>
	</queries>
</nta>
