<?xml version='1.0' encoding='UTF-8'?>
<?artifactRepository version='1.1.0'?>
<repository name='Bundle pool' type='org.eclipse.equinox.p2.artifact.repository.simpleRepository' version='1'>
  <properties size='2'>
    <property name='p2.system' value='true'/>
    <property name='p2.timestamp' value='1433158864369'/>
  </properties>
  <mappings size='3'>
    <rule filter='(&amp; (classifier=osgi.bundle))' output='${repoUrl}/plugins/${id}_${version}.jar'/>
    <rule filter='(&amp; (classifier=binary))' output='${repoUrl}/binary/${id}_${version}'/>
    <rule filter='(&amp; (classifier=org.eclipse.update.feature))' output='${repoUrl}/features/${id}_${version}.jar'/>
  </mappings>
  <artifacts size='273'>
    <artifact classifier='osgi.bundle' id='org.eclipse.e4.ui.widgets' version='1.0.0.v20140514-1823'>
      <properties size='1'>
        <property name='download.size' value='14566'/>
      </properties>
    </artifact>
    <artifact classifier='org.eclipse.update.feature' id='org.eclipse.ecf.filetransfer.feature' version='3.9.2.v20141221-2352'>
      <properties size='1'>
        <property name='download.size' value='26817'/>
      </properties>
      <repositoryProperties size='1'>
        <property name='artifact.folder' value='true'/>
      </repositoryProperties>
    </artifact>
    <artifact classifier='osgi.bundle' id='org.hamcrest.core' version='1.3.0.v201303031735'>
      <properties size='1'>
        <property name='download.size' value='55802'/>
      </properties>
    </artifact>
    <artifact classifier='osgi.bundle' id='com.google.gson' version='2.2.4'>
      <properties size='1'>
        <property name='download.size' value='190432'/>
      </properties>
    </artifact>
    <artifact classifier='osgi.bundle' id='org.lamport.tla.toolbox.tool.tla2tex' version='1.0.0.201506011130'>
      <properties size='1'>
        <property name='download.size' value='18920'/>
      </properties>
    </artifact>
    <artifact classifier='osgi.bundle' id='org.eclipse.core.net' version='1.2.200.v20140124-2013'>
      <properties size='1'>
        <property name='download.size' value='70434'/>
      </properties>
    </artifact>
    <artifact classifier='osgi.bundle' id='org.eclipse.ecf.provider.filetransfer.httpclient4' version='1.0.1043.v20141221-2352'>
      <properties size='1'>
        <property name='download.size' value='71403'/>
      </properties>
    </artifact>
    <artifact classifier='osgi.bundle' id='org.sat4j.core' version='2.3.5.v201308161310'>
      <properties size='1'>
        <property name='download.size' value='363567'/>
      </properties>
    </artifact>
    <artifact classifier='osgi.bundle' id='org.eclipse.equinox.p2.ql' version='2.0.100.v20131211-1531'>
      <properties size='1'>
        <property name='download.size' value='9087'/>
      </properties>
    </artifact>
    <artifact classifier='osgi.bundle' id='org.eclipse.emf.ecore.change' version='2.10.0.v20150123-0348'>
      <properties size='1'>
        <property name='download.size' value='86647'/>
      </properties>
    </artifact>
    <artifact classifier='osgi.bundle' id='org.eclipse.ui.editors' version='3.8.200.v20140401-1310'>
      <properties size='1'>
        <property name='download.size' value='577058'/>
      </properties>
    </artifact>
    <artifact classifier='osgi.bundle' id='org.eclipse.equinox.p2.artifact.repository' version='1.1.300.v20131211-1531'>
      <properties size='1'>
        <property name='download.size' value='135802'/>
      </properties>
    </artifact>
    <artifact classifier='osgi.bundle' id='org.eclipse.core.databinding.property' version='1.4.200.v20140214-0004'>
      <properties size='1'>
        <property name='download.size' value='169049'/>
      </properties>
    </artifact>
    <artifact classifier='osgi.bundle' id='org.eclipse.core.variables' version='3.2.800.v20130819-1716'>
      <properties size='1'>
        <property name='download.size' value='34860'/>
      </properties>
    </artifact>
    <artifact classifier='osgi.bundle' id='org.eclipse.help.base' version='4.0.201.v20150204-1700'>
      <properties size='1'>
        <property name='download.size' value='407145'/>
      </properties>
    </artifact>
    <artifact classifier='osgi.bundle' id='org.lamport.tla.toolbox.jclouds' version='1.0.0.201506011130'>
      <properties size='1'>
        <property name='download.size' value='2197141'/>
      </properties>
    </artifact>
    <artifact classifier='org.eclipse.update.feature' id='org.eclipse.equinox.p2.core.feature' version='1.3.0.v20140523-0116'>
      <properties size='1'>
        <property name='download.size' value='18146'/>
      </properties>
      <repositoryProperties size='1'>
        <property name='artifact.folder' value='true'/>
      </repositoryProperties>
    </artifact>
    <artifact classifier='osgi.bundle' id='org.eclipse.equinox.console' version='1.1.0.v20140131-1639'>
      <properties size='1'>
        <property name='download.size' value='118678'/>
      </properties>
    </artifact>
    <artifact classifier='org.eclipse.update.feature' id='org.lamport.tla.toolbox.feature.standalone' version='1.0.0.201506011130'>
      <properties size='1'>
        <property name='download.size' value='1442'/>
      </properties>
      <repositoryProperties size='1'>
        <property name='artifact.folder' value='true'/>
      </repositoryProperties>
    </artifact>
    <artifact classifier='osgi.bundle' id='org.eclipse.equinox.frameworkadmin' version='2.0.100.v20131209-2144'>
      <properties size='1'>
        <property name='download.size' value='36535'/>
      </properties>
    </artifact>
    <artifact classifier='osgi.bundle' id='org.eclipse.equinox.http.jetty' version='3.0.200.v20131021-1843'>
      <properties size='1'>
        <property name='download.size' value='25190'/>
      </properties>
    </artifact>
    <artifact classifier='osgi.bundle' id='org.apache.httpcomponents.httpclient' version='4.3.6.v201411290715'>
      <properties size='1'>
        <property name='download.size' value='850278'/>
      </properties>
    </artifact>
    <artifact classifier='osgi.bundle' id='org.lamport.tlatools.api' version='1.0.0.201506011130'>
      <properties size='1'>
        <property name='download.size' value='1168'/>
      </properties>
    </artifact>
    <artifact classifier='osgi.bundle' id='org.eclipse.ecf' version='3.4.0.v20141221-2352'>
      <properties size='1'>
        <property name='download.size' value='103296'/>
      </properties>
    </artifact>
    <artifact classifier='osgi.bundle' id='org.apache.batik.css' version='1.7.0.v201011041433'>
      <properties size='1'>
        <property name='download.size' value='343722'/>
      </properties>
    </artifact>
    <artifact classifier='osgi.bundle' id='org.eclipse.emf.ecore' version='2.10.2.v20150123-0348'>
      <properties size='1'>
        <property name='download.size' value='1189464'/>
      </properties>
    </artifact>
    <artifact classifier='osgi.bundle' id='org.eclipse.equinox.http.servlet' version='1.1.500.v20140318-1755'>
      <properties size='1'>
        <property name='download.size' value='44976'/>
      </properties>
    </artifact>
    <artifact classifier='osgi.bundle' id='org.lamport.tla.toolbox.product.standalone' version='1.0.0.201506011130'>
      <properties size='1'>
        <property name='download.size' value='42597'/>
      </properties>
    </artifact>
    <artifact classifier='org.eclipse.update.feature' id='org.eclipse.emf.common' version='2.10.1.v20150123-0348'>
      <properties size='1'>
        <property name='download.size' value='17763'/>
      </properties>
      <repositoryProperties size='1'>
        <property name='artifact.folder' value='true'/>
      </repositoryProperties>
    </artifact>
    <artifact classifier='osgi.bundle' id='org.eclipse.jetty.servlet' version='8.1.16.v20140903'>
      <properties size='1'>
        <property name='download.size' value='109216'/>
      </properties>
    </artifact>
    <artifact classifier='osgi.bundle' id='rackspace-cloudservers-uk' version='1.7.3'>
      <properties size='1'>
        <property name='download.size' value='14208'/>
      </properties>
    </artifact>
    <artifact classifier='osgi.bundle' id='org.eclipse.equinox.event' version='1.3.100.v20140115-1647'>
      <properties size='1'>
        <property name='download.size' value='32352'/>
      </properties>
    </artifact>
    <artifact classifier='osgi.bundle' id='org.eclipse.ecf.provider.filetransfer.httpclient4.ssl' version='1.0.0.v20141221-2352'>
      <properties size='1'>
        <property name='download.size' value='13792'/>
      </properties>
    </artifact>
    <artifact classifier='osgi.bundle' id='org.eclipse.e4.core.di.extensions' version='0.12.0.v20140417-2033'>
      <properties size='1'>
        <property name='download.size' value='28576'/>
      </properties>
    </artifact>
    <artifact classifier='org.eclipse.update.feature' id='org.lamport.tlatools.feature' version='1.0.0.201506011130'>
      <properties size='1'>
        <property name='download.size' value='33441'/>
      </properties>
      <repositoryProperties size='1'>
        <property name='artifact.folder' value='true'/>
      </repositoryProperties>
    </artifact>
    <artifact classifier='osgi.bundle' id='org.apache.felix.gogo.runtime' version='0.10.0.v201209301036'>
      <properties size='1'>
        <property name='download.size' value='80249'/>
      </properties>
    </artifact>
    <artifact classifier='osgi.bundle' id='org.eclipse.equinox.p2.ui.sdk.scheduler' version='1.2.0.v20140422-1847'>
      <properties size='1'>
        <property name='download.size' value='115412'/>
      </properties>
    </artifact>
    <artifact classifier='osgi.bundle' id='org.eclipse.jetty.server' version='8.1.16.v20140903'>
      <properties size='1'>
        <property name='download.size' value='372909'/>
      </properties>
    </artifact>
    <artifact classifier='org.eclipse.update.feature' id='org.lamport.tla.toolbox.feature.branding' version='1.0.0.201506011130'>
      <properties size='1'>
        <property name='download.size' value='36983'/>
      </properties>
      <repositoryProperties size='1'>
        <property name='artifact.folder' value='true'/>
      </repositoryProperties>
    </artifact>
    <artifact classifier='osgi.bundle' id='org.apache.servicemix.bundles.javax-inject' version='1.0.0.2'>
      <properties size='1'>
        <property name='download.size' value='10879'/>
      </properties>
    </artifact>
    <artifact classifier='osgi.bundle' id='org.eclipse.equinox.registry' version='3.5.400.v20140428-1507'>
      <properties size='1'>
        <property name='download.size' value='183511'/>
      </properties>
    </artifact>
    <artifact classifier='osgi.bundle' id='org.eclipse.ui' version='3.106.1.v20141002-1150'>
      <properties size='1'>
        <property name='download.size' value='268709'/>
      </properties>
    </artifact>
    <artifact classifier='osgi.bundle' id='org.eclipse.core.jobs' version='3.6.1.v20141014-1248'>
      <properties size='1'>
        <property name='download.size' value='97486'/>
      </properties>
    </artifact>
    <artifact classifier='osgi.bundle' id='ch.qos.logback.core' version='1.0.9'>
      <properties size='1'>
        <property name='download.size' value='366462'/>
      </properties>
    </artifact>
    <artifact classifier='osgi.bundle' id='com.google.inject' version='3.0.0'>
      <properties size='1'>
        <property name='download.size' value='710492'/>
      </properties>
    </artifact>
    <artifact classifier='osgi.bundle' id='org.eclipse.ecf.filetransfer' version='5.0.0.v20141221-2352'>
      <properties size='1'>
        <property name='download.size' value='51731'/>
      </properties>
    </artifact>
    <artifact classifier='osgi.bundle' id='joyentcloud' version='1.7.3'>
      <properties size='1'>
        <property name='download.size' value='11783'/>
      </properties>
    </artifact>
    <artifact classifier='osgi.bundle' id='org.eclipse.equinox.bidi' version='0.10.0.v20130327-1442'>
      <properties size='1'>
        <property name='download.size' value='48549'/>
      </properties>
    </artifact>
    <artifact classifier='osgi.bundle' id='org.eclipse.equinox.http.registry' version='1.1.300.v20130402-1529'>
      <properties size='1'>
        <property name='download.size' value='45207'/>
      </properties>
    </artifact>
    <artifact classifier='osgi.bundle' id='org.lamport.tla.toolbox.tool.tlc.ui' version='1.0.0.201506011130'>
      <properties size='1'>
        <property name='download.size' value='334009'/>
      </properties>
    </artifact>
    <artifact classifier='osgi.bundle' id='elastichosts-lon-b' version='1.7.3'>
      <properties size='1'>
        <property name='download.size' value='11864'/>
      </properties>
    </artifact>
    <artifact classifier='osgi.bundle' id='javax.mail' version='1.4.0.v201005080615'>
      <properties size='1'>
        <property name='download.size' value='320960'/>
      </properties>
    </artifact>
    <artifact classifier='osgi.bundle' id='org.eclipse.e4.ui.bindings' version='0.10.200.v20140424-2042'>
      <properties size='1'>
        <property name='download.size' value='49649'/>
      </properties>
    </artifact>
    <artifact classifier='osgi.bundle' id='org.eclipse.equinox.util' version='1.0.500.v20130404-1337'>
      <properties size='1'>
        <property name='download.size' value='77932'/>
      </properties>
    </artifact>
    <artifact classifier='osgi.bundle' id='org.eclipse.update.configurator' version='3.3.300.v20140518-1928'>
      <properties size='1'>
        <property name='download.size' value='101014'/>
      </properties>
    </artifact>
    <artifact classifier='osgi.bundle' id='org.eclipse.equinox.security.win32.x86_64' version='1.0.100.v20130327-1442'>
      <properties size='1'>
        <property name='download.size' value='35334'/>
      </properties>
    </artifact>
    <artifact classifier='org.eclipse.update.feature' id='org.eclipse.ecf.filetransfer.httpclient4.ssl.feature' version='1.0.0.v20141221-2352'>
      <properties size='1'>
        <property name='download.size' value='26728'/>
      </properties>
      <repositoryProperties size='1'>
        <property name='artifact.folder' value='true'/>
      </repositoryProperties>
    </artifact>
    <artifact classifier='osgi.bundle' id='org.apache.servicemix.bundles.java-xmlbuilder' version='0.6.0.1'>
      <properties size='1'>
        <property name='download.size' value='30631'/>
      </properties>
    </artifact>
    <artifact classifier='org.eclipse.update.feature' id='org.eclipse.e4.rcp' version='1.3.101.v20150204-1353'>
      <properties size='1'>
        <property name='download.size' value='19588'/>
      </properties>
      <repositoryProperties size='1'>
        <property name='artifact.folder' value='true'/>
      </repositoryProperties>
    </artifact>
    <artifact classifier='osgi.bundle' id='com.google.inject.assistedinject' version='3.0.0'>
      <properties size='1'>
        <property name='download.size' value='36998'/>
      </properties>
    </artifact>
    <artifact classifier='osgi.bundle' id='org.eclipse.e4.core.services' version='1.2.1.v20140808-1251'>
      <properties size='1'>
        <property name='download.size' value='45677'/>
      </properties>
    </artifact>
    <artifact classifier='osgi.bundle' id='gogrid' version='1.7.3'>
      <properties size='1'>
        <property name='download.size' value='167662'/>
      </properties>
    </artifact>
    <artifact classifier='osgi.bundle' id='aws-ec2' version='1.7.3'>
      <properties size='1'>
        <property name='download.size' value='196131'/>
      </properties>
    </artifact>
    <artifact classifier='osgi.bundle' id='javax.servlet' version='3.0.0.v201112011016'>
      <properties size='1'>
        <property name='download.size' value='201594'/>
      </properties>
    </artifact>
    <artifact classifier='org.eclipse.update.feature' id='org.lamport.tla.toolbox.feature.tla2tex' version='1.0.0.201506011130'>
      <properties size='1'>
        <property name='download.size' value='33371'/>
      </properties>
      <repositoryProperties size='1'>
        <property name='artifact.folder' value='true'/>
      </repositoryProperties>
    </artifact>
    <artifact classifier='osgi.bundle' id='org.w3c.dom.events' version='3.0.0.draft20060413_v201105210656'>
      <properties size='1'>
        <property name='download.size' value='13309'/>
      </properties>
    </artifact>
    <artifact classifier='osgi.bundle' id='org.eclipse.e4.core.contexts' version='1.3.100.v20140407-1019'>
      <properties size='1'>
        <property name='download.size' value='49023'/>
      </properties>
    </artifact>
    <artifact classifier='osgi.bundle' id='org.eclipse.osgi.services' version='3.4.0.v20140312-2051'>
      <properties size='1'>
        <property name='download.size' value='90686'/>
      </properties>
    </artifact>
    <artifact classifier='osgi.bundle' id='com.jcraft.jsch' version='0.1.51.v201410302000'>
      <properties size='1'>
        <property name='download.size' value='279553'/>
      </properties>
    </artifact>
    <artifact classifier='osgi.bundle' id='jclouds-sshj' version='1.7.3'>
      <properties size='1'>
        <property name='download.size' value='37594'/>
      </properties>
    </artifact>
    <artifact classifier='org.eclipse.update.feature' id='org.lamport.tla.toolbox.feature.editor' version='1.0.0.201506011130'>
      <properties size='1'>
        <property name='download.size' value='33706'/>
      </properties>
      <repositoryProperties size='1'>
        <property name='artifact.folder' value='true'/>
      </repositoryProperties>
    </artifact>
    <artifact classifier='osgi.bundle' id='org.eclipse.equinox.p2.transport.ecf' version='1.1.0.v20140408-1354'>
      <properties size='1'>
        <property name='download.size' value='41605'/>
      </properties>
    </artifact>
    <artifact classifier='osgi.bundle' id='org.eclipse.ui.ide' version='3.10.2.v20141118-1227'>
      <properties size='1'>
        <property name='download.size' value='2530657'/>
      </properties>
    </artifact>
    <artifact classifier='osgi.bundle' id='sts' version='1.7.3'>
      <properties size='1'>
        <property name='download.size' value='64776'/>
      </properties>
    </artifact>
    <artifact classifier='osgi.bundle' id='org.lamport.tla.toolbox' version='1.0.0.201506011130'>
      <properties size='1'>
        <property name='download.size' value='354318'/>
      </properties>
      <repositoryProperties size='1'>
        <property name='artifact.folder' value='true'/>
      </repositoryProperties>
    </artifact>
    <artifact classifier='osgi.bundle' id='org.eclipse.equinox.p2.console' version='1.0.300.v20131113-1212'>
      <properties size='1'>
        <property name='download.size' value='27699'/>
      </properties>
    </artifact>
    <artifact classifier='osgi.bundle' id='org.apache.servicemix.bundles.aopalliance' version='1.0.0.6'>
      <properties size='1'>
        <property name='download.size' value='16513'/>
      </properties>
    </artifact>
    <artifact classifier='osgi.bundle' id='com.sun.jna' version='4.1.0'>
      <properties size='1'>
        <property name='download.size' value='914597'/>
      </properties>
    </artifact>
    <artifact classifier='osgi.bundle' id='org.apache.batik.util' version='1.7.0.v201011041433'>
      <properties size='1'>
        <property name='download.size' value='150535'/>
      </properties>
    </artifact>
    <artifact classifier='osgi.bundle' id='org.yaml.snakeyaml' version='1.11.0'>
      <properties size='1'>
        <property name='download.size' value='270553'/>
      </properties>
    </artifact>
    <artifact classifier='org.eclipse.update.feature' id='org.lamport.tla.toolbox.feature.jnlp' version='1.0.0.201506011130'>
      <properties size='1'>
        <property name='download.size' value='33505'/>
      </properties>
      <repositoryProperties size='1'>
        <property name='artifact.folder' value='true'/>
      </repositoryProperties>
    </artifact>
    <artifact classifier='osgi.bundle' id='org.apache.httpcomponents.httpcore' version='4.3.3.v201411290715'>
      <properties size='1'>
        <property name='download.size' value='318633'/>
      </properties>
    </artifact>
    <artifact classifier='osgi.bundle' id='ec2' version='1.7.3'>
      <properties size='1'>
        <property name='download.size' value='400458'/>
      </properties>
    </artifact>
    <artifact classifier='osgi.bundle' id='org.eclipse.jetty.http' version='8.1.16.v20140903'>
      <properties size='1'>
        <property name='download.size' value='103897'/>
      </properties>
    </artifact>
    <artifact classifier='osgi.bundle' id='org.eclipse.ui.views' version='3.7.0.v20140408-0703'>
      <properties size='1'>
        <property name='download.size' value='97419'/>
      </properties>
    </artifact>
    <artifact classifier='osgi.bundle' id='javax.inject' version='1.0.0.v20091030'>
      <properties size='1'>
        <property name='download.size' value='12288'/>
      </properties>
    </artifact>
    <artifact classifier='osgi.bundle' id='net.schmizz.sshj' version='0.9.0'>
      <properties size='1'>
        <property name='download.size' value='350282'/>
      </properties>
    </artifact>
    <artifact classifier='osgi.bundle' id='org.eclipse.osgi' version='3.10.2.v20150203-1939'>
      <properties size='1'>
        <property name='download.size' value='1265319'/>
      </properties>
    </artifact>
    <artifact classifier='osgi.bundle' id='byon' version='1.7.3'>
      <properties size='1'>
        <property name='download.size' value='51971'/>
      </properties>
    </artifact>
    <artifact classifier='osgi.bundle' id='org.eclipse.core.databinding.observable' version='1.4.1.v20140210-1835'>
      <properties size='1'>
        <property name='download.size' value='297390'/>
      </properties>
    </artifact>
    <artifact classifier='org.eclipse.update.feature' id='org.eclipse.ecf.filetransfer.ssl.feature' version='1.0.0.v20141221-2352'>
      <properties size='1'>
        <property name='download.size' value='22680'/>
      </properties>
      <repositoryProperties size='1'>
        <property name='artifact.folder' value='true'/>
      </repositoryProperties>
    </artifact>
    <artifact classifier='osgi.bundle' id='org.eclipse.equinox.p2.core' version='2.3.0.v20131211-1531'>
      <properties size='1'>
        <property name='download.size' value='71246'/>
      </properties>
    </artifact>
    <artifact classifier='osgi.bundle' id='cloudservers-us' version='1.7.3'>
      <properties size='1'>
        <property name='download.size' value='11799'/>
      </properties>
    </artifact>
    <artifact classifier='osgi.bundle' id='org.eclipse.e4.ui.css.swt.theme' version='0.9.300.v20141126-1957'>
      <properties size='1'>
        <property name='download.size' value='26488'/>
      </properties>
    </artifact>
    <artifact classifier='osgi.bundle' id='org.lamport.tla.toolbox.tool.prover' version='1.0.0.201506011130'>
      <properties size='1'>
        <property name='download.size' value='103552'/>
      </properties>
    </artifact>
    <artifact classifier='osgi.bundle' id='jclouds-netty' version='1.7.3'>
      <properties size='1'>
        <property name='download.size' value='11866'/>
      </properties>
    </artifact>
    <artifact classifier='osgi.bundle' id='org.eclipse.ecf.provider.filetransfer' version='3.2.200.v20141221-2352'>
      <properties size='1'>
        <property name='download.size' value='127888'/>
      </properties>
    </artifact>
    <artifact classifier='osgi.bundle' id='org.jboss.netty' version='3.5.9.Final'>
      <properties size='1'>
        <property name='download.size' value='1128961'/>
      </properties>
    </artifact>
    <artifact classifier='osgi.bundle' id='jclouds-core' version='1.7.3'>
      <properties size='1'>
        <property name='download.size' value='785478'/>
      </properties>
    </artifact>
    <artifact classifier='osgi.bundle' id='jclouds-enterprise' version='1.7.3'>
      <properties size='1'>
        <property name='download.size' value='9965'/>
      </properties>
    </artifact>
    <artifact classifier='osgi.bundle' id='org.eclipse.ui.intro' version='3.4.200.v20130326-1254'>
      <properties size='1'>
        <property name='download.size' value='309441'/>
      </properties>
    </artifact>
    <artifact classifier='osgi.bundle' id='org.eclipse.ui.console' version='3.5.300.v20140424-1437'>
      <properties size='1'>
        <property name='download.size' value='179299'/>
      </properties>
    </artifact>
    <artifact classifier='osgi.bundle' id='org.eclipse.equinox.p2.ui.sdk' version='1.0.300.v20140407-1803'>
      <properties size='1'>
        <property name='download.size' value='48258'/>
      </properties>
    </artifact>
    <artifact classifier='osgi.bundle' id='elastichosts-sat-p' version='1.7.3'>
      <properties size='1'>
        <property name='download.size' value='11848'/>
      </properties>
    </artifact>
    <artifact classifier='osgi.bundle' id='rackspace-cloudidentity' version='1.7.3'>
      <properties size='1'>
        <property name='download.size' value='24133'/>
      </properties>
    </artifact>
    <artifact classifier='osgi.bundle' id='org.apache.jasper.glassfish' version='2.2.2.v201501141630'>
      <properties size='1'>
        <property name='download.size' value='2436402'/>
      </properties>
    </artifact>
    <artifact classifier='org.eclipse.update.feature' id='org.eclipse.rcp' version='4.4.2.v20150204-1700'>
      <properties size='1'>
        <property name='download.size' value='17649'/>
      </properties>
      <repositoryProperties size='1'>
        <property name='artifact.folder' value='true'/>
      </repositoryProperties>
    </artifact>
    <artifact classifier='osgi.bundle' id='org.eclipse.equinox.frameworkadmin.equinox' version='1.0.500.v20131211-1531'>
      <properties size='1'>
        <property name='download.size' value='63663'/>
      </properties>
    </artifact>
    <artifact classifier='org.eclipse.update.feature' id='org.lamport.tla.toolbox.feature.base' version='1.0.0.201506011130'>
      <properties size='1'>
        <property name='download.size' value='33770'/>
      </properties>
      <repositoryProperties size='1'>
        <property name='artifact.folder' value='true'/>
      </repositoryProperties>
    </artifact>
    <artifact classifier='osgi.bundle' id='org.eclipse.swt' version='3.103.2.v20150203-1313'>
      <properties size='1'>
        <property name='download.size' value='18481'/>
      </properties>
    </artifact>
    <artifact classifier='osgi.bundle' id='org.eclipse.equinox.p2.jarprocessor' version='1.0.300.v20131211-1531'>
      <properties size='1'>
        <property name='download.size' value='68515'/>
      </properties>
    </artifact>
    <artifact classifier='osgi.bundle' id='bcprov-ext' version='1.49.0'>
      <properties size='1'>
        <property name='download.size' value='2552449'/>
      </properties>
    </artifact>
    <artifact classifier='osgi.bundle' id='bcpkix' version='1.49.0'>
      <properties size='1'>
        <property name='download.size' value='629662'/>
      </properties>
    </artifact>
    <artifact classifier='osgi.bundle' id='org.eclipse.core.databinding.beans' version='1.2.200.v20140214-0004'>
      <properties size='1'>
        <property name='download.size' value='76517'/>
      </properties>
    </artifact>
    <artifact classifier='osgi.bundle' id='cloudsigma-lvs' version='1.7.3'>
      <properties size='1'>
        <property name='download.size' value='172963'/>
      </properties>
    </artifact>
    <artifact classifier='osgi.bundle' id='elastichosts-lon-p' version='1.7.3'>
      <properties size='1'>
        <property name='download.size' value='11801'/>
      </properties>
    </artifact>
    <artifact classifier='osgi.bundle' id='org.eclipse.equinox.p2.engine' version='2.3.0.v20140506-1720'>
      <properties size='1'>
        <property name='download.size' value='204376'/>
      </properties>
    </artifact>
    <artifact classifier='osgi.bundle' id='org.eclipse.equinox.p2.metadata' version='2.2.0.v20131211-1531'>
      <properties size='1'>
        <property name='download.size' value='337848'/>
      </properties>
    </artifact>
    <artifact classifier='org.eclipse.update.feature' id='org.lamport.tla.toolbox.feature.prover' version='1.0.0.201506011130'>
      <properties size='1'>
        <property name='download.size' value='33375'/>
      </properties>
      <repositoryProperties size='1'>
        <property name='artifact.folder' value='true'/>
      </repositoryProperties>
    </artifact>
    <artifact classifier='osgi.bundle' id='org.eclipse.core.filebuffers' version='3.5.400.v20140127-1516'>
      <properties size='1'>
        <property name='download.size' value='114686'/>
      </properties>
    </artifact>
    <artifact classifier='osgi.bundle' id='org.eclipse.equinox.simpleconfigurator.manipulator' version='2.0.0.v20131217-1203'>
      <properties size='1'>
        <property name='download.size' value='25640'/>
      </properties>
    </artifact>
    <artifact classifier='osgi.bundle' id='javax.activation' version='1.1.0.v201211130549'>
      <properties size='1'>
        <property name='download.size' value='55674'/>
      </properties>
    </artifact>
    <artifact classifier='osgi.bundle' id='jclouds-bouncycastle' version='1.7.3'>
      <properties size='1'>
        <property name='download.size' value='10688'/>
      </properties>
    </artifact>
    <artifact classifier='osgi.bundle' id='org.lamport.tlatools.consumer.distributed' version='1.0.0.201506011130'>
      <properties size='1'>
        <property name='download.size' value='12134'/>
      </properties>
    </artifact>
    <artifact classifier='osgi.bundle' id='org.eclipse.equinox.p2.director' version='2.3.100.v20140224-1921'>
      <properties size='1'>
        <property name='download.size' value='102906'/>
      </properties>
    </artifact>
    <artifact classifier='osgi.bundle' id='org.eclipse.jetty.io' version='8.1.16.v20140903'>
      <properties size='1'>
        <property name='download.size' value='114881'/>
      </properties>
    </artifact>
    <artifact classifier='osgi.bundle' id='jclouds-slf4j' version='1.7.3'>
      <properties size='1'>
        <property name='download.size' value='11632'/>
      </properties>
    </artifact>
    <artifact classifier='osgi.bundle' id='org.eclipse.jface' version='3.10.2.v20141021-1035'>
      <properties size='1'>
        <property name='download.size' value='1159393'/>
      </properties>
    </artifact>
    <artifact classifier='osgi.bundle' id='joda-time' version='2.1.0'>
      <properties size='1'>
        <property name='download.size' value='570478'/>
      </properties>
    </artifact>
    <artifact classifier='osgi.bundle' id='org.eclipse.equinox.p2.repository' version='2.3.0.v20131211-1531'>
      <properties size='1'>
        <property name='download.size' value='129529'/>
      </properties>
    </artifact>
    <artifact classifier='osgi.bundle' id='org.eclipse.jetty.util' version='8.1.16.v20140903'>
      <properties size='1'>
        <property name='download.size' value='301767'/>
      </properties>
    </artifact>
    <artifact classifier='osgi.bundle' id='org.eclipse.ui.workbench' version='3.106.2.v20150204-1030'>
      <properties size='1'>
        <property name='download.size' value='4011300'/>
      </properties>
    </artifact>
    <artifact classifier='osgi.bundle' id='org.eclipse.equinox.simpleconfigurator' version='1.1.0.v20131217-1203'>
      <properties size='1'>
        <property name='download.size' value='43387'/>
      </properties>
    </artifact>
    <artifact classifier='osgi.bundle' id='org.eclipse.jdt.core' version='3.10.2.v20150120-1634'>
      <properties size='1'>
        <property name='download.size' value='5575866'/>
      </properties>
    </artifact>
    <artifact classifier='osgi.bundle' id='org.eclipse.e4.ui.workbench.addons.swt' version='1.1.2.v20141126-1310'>
      <properties size='1'>
        <property name='download.size' value='144506'/>
      </properties>
    </artifact>
    <artifact classifier='osgi.bundle' id='org.eclipse.e4.core.commands' version='0.10.2.v20140424-2344'>
      <properties size='1'>
        <property name='download.size' value='25577'/>
      </properties>
    </artifact>
    <artifact classifier='org.eclipse.update.feature' id='org.eclipse.equinox.p2.rcp.feature' version='1.2.0.v20140523-0116'>
      <properties size='1'>
        <property name='download.size' value='17585'/>
      </properties>
      <repositoryProperties size='1'>
        <property name='artifact.folder' value='true'/>
      </repositoryProperties>
    </artifact>
    <artifact classifier='osgi.bundle' id='org.eclipse.equinox.jsp.jasper.registry' version='1.0.300.v20130327-1442'>
      <properties size='1'>
        <property name='download.size' value='12190'/>
      </properties>
    </artifact>
    <artifact classifier='osgi.bundle' id='org.eclipse.e4.ui.workbench.swt' version='0.12.100.v20141126-1150'>
      <properties size='1'>
        <property name='download.size' value='184491'/>
      </properties>
    </artifact>
    <artifact classifier='org.eclipse.update.feature' id='org.eclipse.emf.ecore' version='2.10.2.v20150123-0348'>
      <properties size='1'>
        <property name='download.size' value='17801'/>
      </properties>
      <repositoryProperties size='1'>
        <property name='artifact.folder' value='true'/>
      </repositoryProperties>
    </artifact>
    <artifact classifier='osgi.bundle' id='javax.annotation' version='1.2.0.v201401042248'>
      <properties size='1'>
        <property name='download.size' value='28155'/>
      </properties>
    </artifact>
    <artifact classifier='osgi.bundle' id='org.eclipse.emf.common' version='2.10.1.v20150123-0348'>
      <properties size='1'>
        <property name='download.size' value='353695'/>
      </properties>
    </artifact>
    <artifact classifier='osgi.bundle' id='javax.servlet.jsp' version='2.2.0.v201112011158'>
      <properties size='1'>
        <property name='download.size' value='107235'/>
      </properties>
    </artifact>
    <artifact classifier='osgi.bundle' id='org.junit' version='4.11.0.v201303080030'>
      <properties size='1'>
        <property name='download.size' value='228620'/>
      </properties>
      <repositoryProperties size='1'>
        <property name='artifact.folder' value='true'/>
      </repositoryProperties>
    </artifact>
    <artifact classifier='osgi.bundle' id='org.eclipse.core.commands' version='3.6.100.v20140528-1422'>
      <properties size='1'>
        <property name='download.size' value='109245'/>
      </properties>
    </artifact>
    <artifact classifier='osgi.bundle' id='org.lamport.tla.toolbox.tool.tlc' version='1.0.0.201506011130'>
      <properties size='1'>
        <property name='download.size' value='110264'/>
      </properties>
    </artifact>
    <artifact classifier='osgi.bundle' id='org.eclipse.ui.workbench.texteditor' version='3.9.0.v20140411-1521'>
      <properties size='1'>
        <property name='download.size' value='585549'/>
      </properties>
    </artifact>
    <artifact classifier='osgi.bundle' id='org.w3c.dom.svg' version='1.1.0.v201011041433'>
      <properties size='1'>
        <property name='download.size' value='87897'/>
      </properties>
    </artifact>
    <artifact classifier='osgi.bundle' id='org.eclipse.ecf.identity' version='3.4.0.v20141221-2352'>
      <properties size='1'>
        <property name='download.size' value='60443'/>
      </properties>
    </artifact>
    <artifact classifier='osgi.bundle' id='org.eclipse.equinox.launcher' version='1.3.0.v20140415-2008'>
      <properties size='1'>
        <property name='download.size' value='50200'/>
      </properties>
    </artifact>
    <artifact classifier='osgi.bundle' id='org.eclipse.e4.ui.model.workbench' version='1.1.0.v20140512-1820'>
      <properties size='1'>
        <property name='download.size' value='376065'/>
      </properties>
    </artifact>
    <artifact classifier='osgi.bundle' id='org.eclipse.jface.databinding' version='1.6.200.v20140528-1422'>
      <properties size='1'>
        <property name='download.size' value='278278'/>
      </properties>
    </artifact>
    <artifact classifier='osgi.bundle' id='cloudservers' version='1.7.3'>
      <properties size='1'>
        <property name='download.size' value='113116'/>
      </properties>
    </artifact>
    <artifact classifier='osgi.bundle' id='org.aspectj.runtime' version='1.7.3.20130613144500-a'>
      <properties size='1'>
        <property name='download.size' value='130518'/>
      </properties>
    </artifact>
    <artifact classifier='osgi.bundle' id='org.eclipse.core.expressions' version='3.4.600.v20140128-0851'>
      <properties size='1'>
        <property name='download.size' value='88716'/>
      </properties>
    </artifact>
    <artifact classifier='osgi.bundle' id='org.apache.servicemix.bundles.jsch' version='0.1.51.1'>
      <properties size='1'>
        <property name='download.size' value='273826'/>
      </properties>
    </artifact>
    <artifact classifier='osgi.bundle' id='org.eclipse.text' version='3.5.300.v20130515-1451'>
      <properties size='1'>
        <property name='download.size' value='249432'/>
      </properties>
    </artifact>
    <artifact classifier='org.eclipse.update.feature' id='org.lamport.tla.toolbox.feature.jclouds' version='1.0.0.201506011130'>
      <properties size='1'>
        <property name='download.size' value='33496'/>
      </properties>
      <repositoryProperties size='1'>
        <property name='artifact.folder' value='true'/>
      </repositoryProperties>
    </artifact>
    <artifact classifier='osgi.bundle' id='javax.xml' version='1.3.4.v201005080400'>
      <properties size='1'>
        <property name='download.size' value='237996'/>
      </properties>
    </artifact>
    <artifact classifier='osgi.bundle' id='org.apache.commons.io' version='2.0.1.v201105210651'>
      <properties size='1'>
        <property name='download.size' value='170843'/>
      </properties>
    </artifact>
    <artifact classifier='osgi.bundle' id='org.eclipse.core.databinding' version='1.4.2.v20140729-1044'>
      <properties size='1'>
        <property name='download.size' value='202134'/>
      </properties>
    </artifact>
    <artifact classifier='org.eclipse.update.feature' id='org.eclipse.help' version='2.0.103.v20150204-1700'>
      <properties size='1'>
        <property name='download.size' value='17977'/>
      </properties>
      <repositoryProperties size='1'>
        <property name='artifact.folder' value='true'/>
      </repositoryProperties>
    </artifact>
    <artifact classifier='osgi.bundle' id='org.apache.batik.util.gui' version='1.7.0.v200903091627'>
      <properties size='1'>
        <property name='download.size' value='201287'/>
      </properties>
    </artifact>
    <artifact classifier='osgi.bundle' id='org.eclipse.equinox.ds' version='1.4.200.v20131126-2331'>
      <properties size='1'>
        <property name='download.size' value='194802'/>
      </properties>
    </artifact>
    <artifact classifier='osgi.bundle' id='org.eclipse.equinox.p2.garbagecollector' version='1.0.200.v20131115-1210'>
      <properties size='1'>
        <property name='download.size' value='25061'/>
      </properties>
    </artifact>
    <artifact classifier='osgi.bundle' id='org.eclipse.e4.ui.services' version='1.1.0.v20140328-1925'>
      <properties size='1'>
        <property name='download.size' value='26059'/>
      </properties>
    </artifact>
    <artifact classifier='osgi.bundle' id='hpcloud-compute' version='1.7.3'>
      <properties size='1'>
        <property name='download.size' value='15761'/>
      </properties>
    </artifact>
    <artifact classifier='osgi.bundle' id='org.eclipse.equinox.concurrent' version='1.1.0.v20130327-1442'>
      <properties size='1'>
        <property name='download.size' value='25493'/>
      </properties>
    </artifact>
    <artifact classifier='osgi.bundle' id='cloudsigma' version='1.7.3'>
      <properties size='1'>
        <property name='download.size' value='170828'/>
      </properties>
    </artifact>
    <artifact classifier='osgi.bundle' id='ninefold-compute' version='1.7.3'>
      <properties size='1'>
        <property name='download.size' value='11935'/>
      </properties>
    </artifact>
    <artifact classifier='osgi.bundle' id='cloudsigma-zrh' version='1.7.3'>
      <properties size='1'>
        <property name='download.size' value='172945'/>
      </properties>
    </artifact>
    <artifact classifier='osgi.bundle' id='org.lamport.tla.toolbox.doc' version='1.5.1.201506011130'>
      <properties size='1'>
        <property name='download.size' value='1482659'/>
      </properties>
      <repositoryProperties size='1'>
        <property name='artifact.folder' value='true'/>
      </repositoryProperties>
    </artifact>
    <artifact classifier='osgi.bundle' id='softlayer' version='1.7.3'>
      <properties size='1'>
        <property name='download.size' value='137178'/>
      </properties>
    </artifact>
    <artifact classifier='osgi.bundle' id='org.eclipse.help.ui' version='4.0.100.v20140401-0608'>
      <properties size='1'>
        <property name='download.size' value='498666'/>
      </properties>
    </artifact>
    <artifact classifier='osgi.bundle' id='serverlove-z1-man' version='1.7.3'>
      <properties size='1'>
        <property name='download.size' value='15974'/>
      </properties>
    </artifact>
    <artifact classifier='osgi.bundle' id='org.eclipse.ecf.provider.filetransfer.ssl' version='1.0.0.v20141221-2352'>
      <properties size='1'>
        <property name='download.size' value='9671'/>
      </properties>
    </artifact>
    <artifact classifier='osgi.bundle' id='org.eclipse.jface.text' version='3.9.2.v20141003-1326'>
      <properties size='1'>
        <property name='download.size' value='1000451'/>
      </properties>
    </artifact>
    <artifact classifier='osgi.bundle' id='jclouds-joda' version='1.7.3'>
      <properties size='1'>
        <property name='download.size' value='11723'/>
      </properties>
    </artifact>
    <artifact classifier='osgi.bundle' id='openstack-common' version='1.7.3'>
      <properties size='1'>
        <property name='download.size' value='66991'/>
      </properties>
    </artifact>
    <artifact classifier='osgi.bundle' id='com.google.guava' version='15.0.0'>
      <properties size='1'>
        <property name='download.size' value='2172168'/>
      </properties>
    </artifact>
    <artifact classifier='osgi.bundle' id='org.eclipse.e4.ui.css.swt' version='0.11.101.v20140818-1343'>
      <properties size='1'>
        <property name='download.size' value='198834'/>
      </properties>
    </artifact>
    <artifact classifier='osgi.bundle' id='go2cloud-jhb1' version='1.7.3'>
      <properties size='1'>
        <property name='download.size' value='11588'/>
      </properties>
    </artifact>
    <artifact classifier='org.eclipse.update.feature' id='org.lamport.tla.toolbox.feature.tlc' version='1.0.0.201506011130'>
      <properties size='1'>
        <property name='download.size' value='33717'/>
      </properties>
      <repositoryProperties size='1'>
        <property name='artifact.folder' value='true'/>
      </repositoryProperties>
    </artifact>
    <artifact classifier='osgi.bundle' id='org.eclipse.ecf.ssl' version='1.1.0.v20141221-2352'>
      <properties size='1'>
        <property name='download.size' value='14558'/>
      </properties>
    </artifact>
    <artifact classifier='osgi.bundle' id='org.lamport.tlatools.impl.distributed' version='1.0.0.201506011130'>
      <properties size='1'>
        <property name='download.size' value='4927'/>
      </properties>
    </artifact>
    <artifact classifier='osgi.bundle' id='org.apache.felix.gogo.shell' version='0.10.0.v201212101605'>
      <properties size='1'>
        <property name='download.size' value='60827'/>
      </properties>
    </artifact>
    <artifact classifier='osgi.bundle' id='org.eclipse.core.runtime' version='3.10.0.v20140318-2214'>
      <properties size='1'>
        <property name='download.size' value='75169'/>
      </properties>
    </artifact>
    <artifact classifier='osgi.bundle' id='org.eclipse.compare' version='3.5.501.v20140817-1445'>
      <properties size='1'>
        <property name='download.size' value='755164'/>
      </properties>
    </artifact>
    <artifact classifier='osgi.bundle' id='org.eclipse.equinox.jsp.jasper' version='1.0.400.v20130327-1442'>
      <properties size='1'>
        <property name='download.size' value='28124'/>
      </properties>
    </artifact>
    <artifact classifier='osgi.bundle' id='org.eclipse.equinox.launcher.win32.win32.x86_64' version='1.1.200.v20150204-1316'>
      <properties size='1'>
        <property name='download.size' value='29568'/>
      </properties>
      <repositoryProperties size='1'>
        <property name='artifact.folder' value='true'/>
      </repositoryProperties>
    </artifact>
    <artifact classifier='org.eclipse.update.feature' id='org.lamport.tla.toolbox.feature.help' version='1.0.0.201506011130'>
      <properties size='1'>
        <property name='download.size' value='33387'/>
      </properties>
      <repositoryProperties size='1'>
        <property name='artifact.folder' value='true'/>
      </repositoryProperties>
    </artifact>
    <artifact classifier='osgi.bundle' id='rackspace-cloudservers-us' version='1.7.3'>
      <properties size='1'>
        <property name='download.size' value='14456'/>
      </properties>
    </artifact>
    <artifact classifier='osgi.bundle' id='org.eclipse.debug.core' version='3.9.1.v20140805-1629'>
      <properties size='1'>
        <property name='download.size' value='358204'/>
      </properties>
    </artifact>
    <artifact classifier='osgi.bundle' id='org.eclipse.equinox.p2.metadata.repository' version='1.2.100.v20131209-2144'>
      <properties size='1'>
        <property name='download.size' value='114776'/>
      </properties>
    </artifact>
    <artifact classifier='osgi.bundle' id='org.eclipse.jdt.launching' version='3.7.102.v20141111-0953'>
      <properties size='1'>
        <property name='download.size' value='320719'/>
      </properties>
    </artifact>
    <artifact classifier='osgi.bundle' id='slf4j.api' version='1.7.2'>
      <properties size='1'>
        <property name='download.size' value='26083'/>
      </properties>
    </artifact>
    <artifact classifier='osgi.bundle' id='org.w3c.dom.smil' version='1.0.0.v200806040011'>
      <properties size='1'>
        <property name='download.size' value='15995'/>
      </properties>
    </artifact>
    <artifact classifier='osgi.bundle' id='org.eclipse.core.filesystem' version='1.4.100.v20140514-1614'>
      <properties size='1'>
        <property name='download.size' value='58234'/>
      </properties>
    </artifact>
    <artifact classifier='osgi.bundle' id='org.eclipse.e4.core.di' version='1.4.0.v20140414-1837'>
      <properties size='1'>
        <property name='download.size' value='54286'/>
      </properties>
    </artifact>
    <artifact classifier='osgi.bundle' id='joyent-cloudapi' version='1.7.3'>
      <properties size='1'>
        <property name='download.size' value='113493'/>
      </properties>
    </artifact>
    <artifact classifier='osgi.bundle' id='jclouds-blobstore' version='1.7.3'>
      <properties size='1'>
        <property name='download.size' value='168902'/>
      </properties>
    </artifact>
    <artifact classifier='osgi.bundle' id='org.eclipse.emf.ecore.xmi' version='2.10.2.v20150123-0348'>
      <properties size='1'>
        <property name='download.size' value='229547'/>
      </properties>
    </artifact>
    <artifact classifier='osgi.bundle' id='org.eclipse.e4.ui.workbench3' version='0.12.0.v20140227-2118'>
      <properties size='1'>
        <property name='download.size' value='10248'/>
      </properties>
    </artifact>
    <artifact classifier='org.eclipse.update.feature' id='org.eclipse.ecf.filetransfer.httpclient4.feature' version='3.9.2.v20141221-2352'>
      <properties size='1'>
        <property name='download.size' value='26807'/>
      </properties>
      <repositoryProperties size='1'>
        <property name='artifact.folder' value='true'/>
      </repositoryProperties>
    </artifact>
    <artifact classifier='osgi.bundle' id='org.eclipse.ui.views.properties.tabbed' version='3.6.0.v20140519-0906'>
      <properties size='1'>
        <property name='download.size' value='105984'/>
      </properties>
    </artifact>
    <artifact classifier='org.eclipse.update.feature' id='org.eclipse.ecf.core.feature' version='1.1.0.v20141221-2352'>
      <properties size='1'>
        <property name='download.size' value='18573'/>
      </properties>
      <repositoryProperties size='1'>
        <property name='artifact.folder' value='true'/>
      </repositoryProperties>
    </artifact>
    <artifact classifier='osgi.bundle' id='org.sat4j.pb' version='2.3.5.v201404071733'>
      <properties size='1'>
        <property name='download.size' value='242556'/>
      </properties>
    </artifact>
    <artifact classifier='osgi.bundle' id='aws-s3' version='1.7.3'>
      <properties size='1'>
        <property name='download.size' value='69196'/>
      </properties>
    </artifact>
    <artifact classifier='osgi.bundle' id='org.eclipse.core.resources' version='3.9.1.v20140825-1431'>
      <properties size='1'>
        <property name='download.size' value='833742'/>
      </properties>
    </artifact>
    <artifact classifier='osgi.bundle' id='javax.ws.rs.jsr311-api' version='1.1.1'>
      <properties size='1'>
        <property name='download.size' value='46367'/>
      </properties>
    </artifact>
    <artifact classifier='osgi.bundle' id='org.eclipse.equinox.app' version='1.3.200.v20130910-1609'>
      <properties size='1'>
        <property name='download.size' value='86245'/>
      </properties>
    </artifact>
    <artifact classifier='osgi.bundle' id='greenhousedata-element-vcloud' version='1.7.3'>
      <properties size='1'>
        <property name='download.size' value='13752'/>
      </properties>
    </artifact>
    <artifact classifier='osgi.bundle' id='org.eclipse.jetty.continuation' version='8.1.16.v20140903'>
      <properties size='1'>
        <property name='download.size' value='27556'/>
      </properties>
    </artifact>
    <artifact classifier='osgi.bundle' id='ch.qos.logback.classic' version='1.0.9'>
      <properties size='1'>
        <property name='download.size' value='252684'/>
      </properties>
    </artifact>
    <artifact classifier='osgi.bundle' id='org.apache.lucene.analysis' version='3.5.0.v20120725-1805'>
      <properties size='1'>
        <property name='download.size' value='909272'/>
      </properties>
    </artifact>
    <artifact classifier='osgi.bundle' id='jclouds-scriptbuilder' version='1.7.3'>
      <properties size='1'>
        <property name='download.size' value='172411'/>
      </properties>
    </artifact>
    <artifact classifier='osgi.bundle' id='rocoto' version='6.2.0'>
      <properties size='1'>
        <property name='download.size' value='48178'/>
      </properties>
    </artifact>
    <artifact classifier='osgi.bundle' id='org.eclipse.ui.forms' version='3.6.100.v20140422-1825'>
      <properties size='1'>
        <property name='download.size' value='302409'/>
      </properties>
    </artifact>
    <artifact classifier='osgi.bundle' id='org.apache.commons.logging' version='1.1.1.v201101211721'>
      <properties size='1'>
        <property name='download.size' value='68107'/>
      </properties>
    </artifact>
    <artifact classifier='osgi.bundle' id='org.eclipse.jdt.debug' version='3.8.102.v20150115-1323'>
      <properties size='1'>
        <property name='download.size' value='869979'/>
      </properties>
      <repositoryProperties size='1'>
        <property name='artifact.folder' value='true'/>
      </repositoryProperties>
    </artifact>
    <artifact classifier='osgi.bundle' id='com.sun.el' version='2.2.0.v201303151357'>
      <properties size='1'>
        <property name='download.size' value='137042'/>
      </properties>
    </artifact>
    <artifact classifier='osgi.bundle' id='org.apache.felix.gogo.command' version='0.10.0.v201209301215'>
      <properties size='1'>
        <property name='download.size' value='57646'/>
      </properties>
    </artifact>
    <artifact classifier='osgi.bundle' id='org.apache.lucene.core' version='3.5.0.v20120725-1805'>
      <properties size='1'>
        <property name='download.size' value='1550773'/>
      </properties>
    </artifact>
    <artifact classifier='osgi.bundle' id='vcloud' version='1.7.3'>
      <properties size='1'>
        <property name='download.size' value='374659'/>
      </properties>
    </artifact>
    <artifact classifier='osgi.bundle' id='javax.el' version='2.2.0.v201303151357'>
      <properties size='1'>
        <property name='download.size' value='56002'/>
      </properties>
    </artifact>
    <artifact classifier='osgi.bundle' id='org.lamport.tla.toolbox.editor.basic' version='1.0.0.201506011130'>
      <properties size='1'>
        <property name='download.size' value='283047'/>
      </properties>
    </artifact>
    <artifact classifier='osgi.bundle' id='com.ibm.icu' version='52.1.1.v201501240615'>
      <properties size='1'>
        <property name='download.size' value='10731420'/>
      </properties>
    </artifact>
    <artifact classifier='osgi.bundle' id='org.eclipse.help.webapp' version='3.6.301.v20150115-1843'>
      <properties size='1'>
        <property name='download.size' value='613344'/>
      </properties>
    </artifact>
    <artifact classifier='osgi.bundle' id='org.lamport.tlatools' version='1.0.0.201506011130'>
      <properties size='1'>
        <property name='download.size' value='2408371'/>
      </properties>
      <repositoryProperties size='1'>
        <property name='artifact.folder' value='true'/>
      </repositoryProperties>
    </artifact>
    <artifact classifier='osgi.bundle' id='jclouds-compute' version='1.7.3'>
      <properties size='1'>
        <property name='download.size' value='504725'/>
      </properties>
    </artifact>
    <artifact classifier='osgi.bundle' id='org.eclipse.help' version='3.6.0.v20130326-1254'>
      <properties size='1'>
        <property name='download.size' value='258927'/>
      </properties>
    </artifact>
    <artifact classifier='osgi.bundle' id='bluelock-vcloud-zone01' version='1.7.3'>
      <properties size='1'>
        <property name='download.size' value='12221'/>
      </properties>
    </artifact>
    <artifact classifier='osgi.bundle' id='elasticstack' version='1.7.3'>
      <properties size='1'>
        <property name='download.size' value='154035'/>
      </properties>
    </artifact>
    <artifact classifier='osgi.bundle' id='org.eclipse.equinox.p2.operations' version='2.4.0.v20131119-0908'>
      <properties size='1'>
        <property name='download.size' value='75607'/>
      </properties>
    </artifact>
    <artifact classifier='osgi.bundle' id='com.sun.jna.platform' version='4.1.0'>
      <properties size='1'>
        <property name='download.size' value='1464423'/>
      </properties>
    </artifact>
    <artifact classifier='osgi.bundle' id='org.eclipse.ui.intro.universal' version='3.2.701.v20150204-1123'>
      <properties size='1'>
        <property name='download.size' value='1632458'/>
      </properties>
      <repositoryProperties size='1'>
        <property name='artifact.folder' value='true'/>
      </repositoryProperties>
    </artifact>
    <artifact classifier='osgi.bundle' id='cloudservers-uk' version='1.7.3'>
      <properties size='1'>
        <property name='download.size' value='11806'/>
      </properties>
    </artifact>
    <artifact classifier='osgi.bundle' id='openstack-keystone' version='1.7.3'>
      <properties size='1'>
        <property name='download.size' value='165941'/>
      </properties>
    </artifact>
    <artifact classifier='osgi.bundle' id='org.eclipse.equinox.security' version='1.2.0.v20130424-1801'>
      <properties size='1'>
        <property name='download.size' value='107313'/>
      </properties>
    </artifact>
    <artifact classifier='osgi.bundle' id='org.eclipse.e4.ui.di' version='1.0.0.v20140328-2112'>
      <properties size='1'>
        <property name='download.size' value='15867'/>
      </properties>
    </artifact>
    <artifact classifier='osgi.bundle' id='openhosting-east1' version='1.7.3'>
      <properties size='1'>
        <property name='download.size' value='12181'/>
      </properties>
    </artifact>
    <artifact classifier='osgi.bundle' id='openstack-nova' version='1.7.3'>
      <properties size='1'>
        <property name='download.size' value='387032'/>
      </properties>
    </artifact>
    <artifact classifier='osgi.bundle' id='org.apache.servicemix.bundles.jzlib' version='1.1.3.2'>
      <properties size='1'>
        <property name='download.size' value='78835'/>
      </properties>
    </artifact>
    <artifact classifier='osgi.bundle' id='org.eclipse.equinox.p2.touchpoint.natives' version='1.1.100.v20140523-0116'>
      <properties size='1'>
        <property name='download.size' value='53869'/>
      </properties>
    </artifact>
    <artifact classifier='osgi.bundle' id='org.eclipse.equinox.security.ui' version='1.1.200.v20130626-2037'>
      <properties size='1'>
        <property name='download.size' value='182500'/>
      </properties>
    </artifact>
    <artifact classifier='osgi.bundle' id='org.eclipse.rcp' version='4.4.2.v20150204-1700'>
      <properties size='1'>
        <property name='download.size' value='10686'/>
      </properties>
    </artifact>
    <artifact classifier='osgi.bundle' id='org.eclipse.core.contenttype' version='3.4.200.v20140207-1251'>
      <properties size='1'>
        <property name='download.size' value='93948'/>
      </properties>
    </artifact>
    <artifact classifier='osgi.bundle' id='openstack-nova-ec2' version='1.7.3'>
      <properties size='1'>
        <property name='download.size' value='25392'/>
      </properties>
    </artifact>
    <artifact classifier='osgi.bundle' id='org.apache.commons.codec' version='1.6.0.v201305230611'>
      <properties size='1'>
        <property name='download.size' value='258016'/>
      </properties>
    </artifact>
    <artifact classifier='osgi.bundle' id='de.vonloesch.pdf4eclipse' version='1.0.1.201502251926'>
      <properties size='1'>
        <property name='download.size' value='1722064'/>
      </properties>
    </artifact>
    <artifact classifier='osgi.bundle' id='org.eclipse.e4.ui.workbench' version='1.2.2.v20141212-1259'>
      <properties size='1'>
        <property name='download.size' value='282949'/>
      </properties>
    </artifact>
    <artifact classifier='osgi.bundle' id='org.eclipse.equinox.p2.touchpoint.eclipse' version='2.1.200.v20140512-1650'>
      <properties size='1'>
        <property name='download.size' value='127549'/>
      </properties>
    </artifact>
    <artifact classifier='osgi.bundle' id='org.eclipse.swt.win32.win32.x86_64' version='3.103.2.v20150203-1351'>
      <properties size='1'>
        <property name='download.size' value='2708443'/>
      </properties>
    </artifact>
    <artifact classifier='osgi.bundle' id='org.eclipse.compare.core' version='3.5.400.v20130903-0736'>
      <properties size='1'>
        <property name='download.size' value='63387'/>
      </properties>
    </artifact>
    <artifact classifier='osgi.bundle' id='org.eclipse.equinox.p2.updatechecker' version='1.1.200.v20131119-0908'>
      <properties size='1'>
        <property name='download.size' value='17665'/>
      </properties>
    </artifact>
    <artifact classifier='osgi.bundle' id='org.eclipse.jetty.security' version='8.1.16.v20140903'>
      <properties size='1'>
        <property name='download.size' value='98905'/>
      </properties>
    </artifact>
    <artifact classifier='org.eclipse.update.feature' id='de.vonloesch.pdf4eclipse.feature' version='1.0.1.201502251926'>
      <properties size='1'>
        <property name='download.size' value='5097'/>
      </properties>
      <repositoryProperties size='1'>
        <property name='artifact.folder' value='true'/>
      </repositoryProperties>
    </artifact>
    <artifact classifier='org.eclipse.update.feature' id='org.eclipse.ecf.core.ssl.feature' version='1.0.0.v20141221-2352'>
      <properties size='1'>
        <property name='download.size' value='18555'/>
      </properties>
      <repositoryProperties size='1'>
        <property name='artifact.folder' value='true'/>
      </repositoryProperties>
    </artifact>
    <artifact classifier='osgi.bundle' id='org.eclipse.e4.ui.workbench.renderers.swt' version='0.12.2.v20150204-1353'>
      <properties size='1'>
        <property name='download.size' value='357058'/>
      </properties>
    </artifact>
    <artifact classifier='osgi.bundle' id='org.eclipse.e4.ui.css.core' version='0.10.100.v20140424-2042'>
      <properties size='1'>
        <property name='download.size' value='207929'/>
      </properties>
    </artifact>
    <artifact classifier='osgi.bundle' id='org.eclipse.equinox.common' version='3.6.200.v20130402-1505'>
      <properties size='1'>
        <property name='download.size' value='106701'/>
      </properties>
    </artifact>
    <artifact classifier='osgi.bundle' id='org.eclipse.ui.navigator' version='3.5.401.v20140724-1117'>
      <properties size='1'>
        <property name='download.size' value='403434'/>
      </properties>
    </artifact>
    <artifact classifier='osgi.bundle' id='org.w3c.css.sac' version='1.3.1.v200903091627'>
      <properties size='1'>
        <property name='download.size' value='32952'/>
      </properties>
    </artifact>
    <artifact classifier='osgi.bundle' id='cloudstack' version='1.7.3'>
      <properties size='1'>
        <property name='download.size' value='757036'/>
      </properties>
    </artifact>
    <artifact classifier='osgi.bundle' id='org.eclipse.equinox.p2.ui' version='2.3.0.v20140404-1657'>
      <properties size='1'>
        <property name='download.size' value='568705'/>
      </properties>
    </artifact>
    <artifact classifier='osgi.bundle' id='skalicloud-sdg-my' version='1.7.3'>
      <properties size='1'>
        <property name='download.size' value='11496'/>
      </properties>
    </artifact>
    <artifact classifier='osgi.bundle' id='com.jcraft.jsch.agentproxy.osgi' version='0.0.7'>
      <properties size='1'>
        <property name='download.size' value='35326'/>
      </properties>
    </artifact>
    <artifact classifier='osgi.bundle' id='org.eclipse.equinox.preferences' version='3.5.200.v20140224-1527'>
      <properties size='1'>
        <property name='download.size' value='127161'/>
      </properties>
    </artifact>
    <artifact classifier='org.eclipse.update.feature' id='org.apache.jclouds.feature' version='1.7.3.9'>
      <properties size='1'>
        <property name='download.size' value='1150'/>
      </properties>
      <repositoryProperties size='1'>
        <property name='artifact.folder' value='true'/>
      </repositoryProperties>
    </artifact>
    <artifact classifier='osgi.bundle' id='org.eclipse.core.filesystem.win32.x86_64' version='1.4.0.v20140124-1940'>
      <properties size='1'>
        <property name='download.size' value='32009'/>
      </properties>
    </artifact>
    <artifact classifier='osgi.bundle' id='s3' version='1.7.3'>
      <properties size='1'>
        <property name='download.size' value='160726'/>
      </properties>
    </artifact>
    <artifact classifier='osgi.bundle' id='org.lamport.tla.toolbox.jnlp' version='1.0.0.201506011130'>
      <properties size='1'>
        <property name='download.size' value='6224266'/>
      </properties>
    </artifact>
    <artifact classifier='osgi.bundle' id='org.eclipse.osgi.compatibility.state' version='1.0.1.v20140709-1414'>
      <properties size='1'>
        <property name='download.size' value='242131'/>
      </properties>
    </artifact>
  </artifacts>
</repository>
