<?xml version="1.0" encoding="utf-8"?><!DOCTYPE nta PUBLIC '-//Uppaal Team//DTD Flat System 1.1//EN' 'http://www.it.uu.se/research/group/darts/uppaal/flat-1_1.dtd'><nta><declaration>// Place global declarations here.
</declaration><template><name x="5" y="5">P0</name><declaration>// Place local declarations here.
clock x;</declaration><location id="id0" x="40" y="-168"><name x="30" y="-198">S2</name></location><location id="id1" x="-88" y="-168"><name x="-98" y="-198">S1</name></location><location id="id2" x="-200" y="-168"><name x="-210" y="-198">S0</name></location><init ref="id2"/><transition><source ref="id1"/><target ref="id0"/></transition><transition><source ref="id2"/><target ref="id1"/><label kind="assignment" x="-160" y="-192">x:=0</label></transition></template><template><name>P1</name><declaration>clock x;</declaration><location id="id3" x="-88" y="-128"><name x="-98" y="-158">S2</name></location><location id="id4" x="-184" y="-128"><name x="-194" y="-158">S1</name><urgent/></location><location id="id5" x="-264" y="-128"><name x="-274" y="-158">S0</name></location><init ref="id5"/><transition><source ref="id4"/><target ref="id3"/></transition><transition><source ref="id5"/><target ref="id4"/><label kind="assignment" x="-240" y="-152">x:=0</label></transition></template><template><name>P2</name><declaration>clock x;</declaration><location id="id6" x="16" y="-144"><name x="6" y="-174">S2</name></location><location id="id7" x="-112" y="-144"><name x="-122" y="-174">S1</name><committed/></location><location id="id8" x="-200" y="-144"><name x="-210" y="-174">S0</name></location><init ref="id8"/><transition><source ref="id7"/><target ref="id6"/></transition><transition><source ref="id8"/><target ref="id7"/><label kind="assignment" x="-176" y="-168">x:=0</label></transition></template><system>// Place template instantiations here.
Process = P0();
A=P1();
B=P1();

// List one or more processes to be composed into a system.
system Process,A,B;</system></nta>